{
  "pl_orbper": 6.7209699999999994,
  "pl_rade": 2.6,
  "pl_radj": 0.23106432,
  "st_rad": 0.863,
  "st_mass": 0.88,
  "sy_dist": 264.78,
  "st_teff": 5288.0,
  "st_logg": 4.49154
}